{"('ronald_garan&usa', 'andrei_borisenko&russia')": {"support": 0.013729977116704805, "confidence": 1.0, "lift": 62.42857142857142}, "('andrei_borisenko&russia', 'sergey_volkov&russia')": {"support": 0.016018306636155607, "confidence": 0.875, "lift": 54.625}, "('james_reilly&usa', 'janet_kavandi&usa')": {"support": 0.011441647597254004, "confidence": 1.0, "lift": 62.42857142857142}, "('james_reilly&usa', 'michael_gernhardt&usa')": {"support": 0.011441647597254004, "confidence": 1.0, "lift": 87.4}, "('stephen_lendsey&usa', 'james_reilly&usa')": {"support": 0.011441647597254004, "confidence": 1.0, "lift": 87.4}, "('susan_helms&usa', 'james_reilly&usa')": {"support": 0.011441647597254004, "confidence": 1.0, "lift": 87.4}, "('michael_gernhardt&usa', 'janet_kavandi&usa')": {"support": 0.011441647597254004, "confidence": 0.8333333333333334, "lift": 52.023809523809526}, "('stephen_lendsey&usa', 'michael_gernhardt&usa')": {"support": 0.011441647597254004, "confidence": 0.8333333333333334, "lift": 72.83333333333334}, "('susan_helms&usa', 'michael_gernhardt&usa')": {"support": 0.011441647597254004, "confidence": 0.8333333333333334, "lift": 72.83333333333334}, "('ronald_garan&usa', 'sergey_volkov&russia')": {"support": 0.013729977116704805, "confidence": 1.0, "lift": 62.42857142857142}, "('kathryn_hire&usa', 'george_zamka&usa')": {"support": 0.011441647597254004, "confidence": 1.0, "lift": 72.83333333333334}, "('kathryn_hire&usa', 'robert_behnken&usa')": {"support": 0.011441647597254004, "confidence": 1.0, "lift": 87.4}, "('nicholas_patrick&usa', 'robert_behnken&usa')": {"support": 0.011441647597254004, "confidence": 1.0, "lift": 87.4}, "('nicholas_patrick&usa', 'george_zamka&usa')": {"support": 0.011441647597254004, "confidence": 1.0, "lift": 72.83333333333334}, "('stephen_robinson&usa', 'robert_behnken&usa')": {"support": 0.011441647597254004, "confidence": 0.8333333333333334, "lift": 60.69444444444445}, "('terry_virts&usa', 'robert_behnken&usa')": {"support": 0.011441647597254004, "confidence": 0.8333333333333334, "lift": 24.27777777777778}, "('stephen_robinson&usa', 'george_zamka&usa')": {"support": 0.011441647597254004, "confidence": 1.0, "lift": 87.4}, "('stephen_lendsey&usa', 'susan_helms&usa')": {"support": 0.011441647597254004, "confidence": 0.8333333333333334, "lift": 72.83333333333334}, "('yury_usachev&russia', 'james_voss&usa')": {"support": 0.016018306636155607, "confidence": 0.875, "lift": 18.208333333333336}, "('nicholas_patrick&usa', 'kathryn_hire&usa')": {"support": 0.011441647597254004, "confidence": 1.0, "lift": 72.83333333333334}, "('stephen_robinson&usa', 'kathryn_hire&usa')": {"support": 0.011441647597254004, "confidence": 1.0, "lift": 29.133333333333333}, "('nicholas_patrick&usa', 'terry_virts&usa')": {"support": 0.011441647597254004, "confidence": 1.0, "lift": 29.133333333333333}, "('terry_virts&usa', 'george_zamka&usa')": {"support": 0.011441647597254004, "confidence": 1.0, "lift": 87.4}, "('terry_virts&usa', 'stephen_robinson&usa')": {"support": 0.011441647597254004, "confidence": 1.0, "lift": 87.4}, "('james_reilly&usa', 'stephen_lendsey&usa')": {"support": 0.011441647597254004, "confidence": 1.0, "lift": 87.4}}